PuzzleFile,DifficultyTier,CoolingRate,Seed,Solved,BestCost,Iterations,TimeMs
1263.killer,2,0,9999,1,True,0,14001,468
1263.killer,2,0,9999,42,True,0,63631,1068
1263.killer,2,0,9999,15,True,0,345092,5588
1263.killer,2,0,9999,82,True,0,58217,920
1263.killer,2,0,9999,46,True,0,426143,6692
1263.killer,2,0,9999,74,True,0,105804,1676
1263.killer,2,0,9999,7,True,0,16864,281
1263.killer,2,0,9999,23,True,0,58130,941
1263.killer,2,0,9999,99,True,0,59007,950
1263.killer,2,0,9999,5,True,0,107559,1738
1263.killer,2,0,99995,1,True,0,123533,1974
1263.killer,2,0,99995,42,True,0,301607,4791
1263.killer,2,0,99995,15,True,0,218682,3462
1263.killer,2,0,99995,82,True,0,203763,3283
1263.killer,2,0,99995,46,True,0,28228,449
1263.killer,2,0,99995,74,True,0,393864,6272
1263.killer,2,0,99995,7,True,0,204923,3373
1263.killer,2,0,99995,23,True,0,392386,6544
1263.killer,2,0,99995,99,True,0,947252,15061
1263.killer,2,0,99995,5,True,0,211233,3395
560.killer,2,0,9999,1,True,0,986232,15483
560.killer,2,0,9999,42,True,0,572269,9374
560.killer,2,0,9999,15,True,0,196059,3347
560.killer,2,0,9999,82,True,0,798048,13205
560.killer,2,0,9999,46,True,0,15469,256
560.killer,2,0,9999,74,True,0,161964,2671
560.killer,2,0,9999,7,True,0,105395,1742
560.killer,2,0,9999,23,True,0,434146,7213
560.killer,2,0,9999,99,True,0,707938,11701
560.killer,2,0,9999,5,True,0,388708,6438
560.killer,2,0,99995,1,True,0,482004,7849
560.killer,2,0,99995,42,False,4,2408513,37226
560.killer,2,0,99995,15,True,0,117684,1822
560.killer,2,0,99995,82,True,0,305972,4759
560.killer,2,0,99995,46,True,0,1591319,24595
560.killer,2,0,99995,74,False,4,2408513,37192
560.killer,2,0,99995,7,True,0,575973,8932
560.killer,2,0,99995,23,True,0,1130032,17504
560.killer,2,0,99995,99,True,0,1049736,16354
560.killer,2,0,99995,5,True,0,484070,7510
711.killer,2,0,9999,1,True,0,337458,5361
711.killer,2,0,9999,42,True,0,19099,333
711.killer,2,0,9999,15,True,0,427999,6736
711.killer,2,0,9999,82,True,0,16692,267
711.killer,2,0,9999,46,True,0,35822,564
711.killer,2,0,9999,74,True,0,473166,7385
711.killer,2,0,9999,7,True,0,59403,935
711.killer,2,0,9999,23,True,0,106501,1672
711.killer,2,0,9999,99,True,0,241264,3772
711.killer,2,0,9999,5,True,0,199036,3106
711.killer,2,0,99995,1,True,0,120769,1890
711.killer,2,0,99995,42,True,0,392573,6148
711.killer,2,0,99995,15,True,0,208778,3263
711.killer,2,0,99995,82,True,0,210874,3301
711.killer,2,0,99995,46,True,0,293062,4585
711.killer,2,0,99995,74,True,0,25562,422
711.killer,2,0,99995,7,True,0,304452,4754
711.killer,2,0,99995,23,True,0,390792,6107
711.killer,2,0,99995,99,True,0,26543,422
711.killer,2,0,99995,5,True,0,111503,1753
1263.killer,3,0,9999,1,True,0,63353,916
1263.killer,3,0,9999,42,True,0,106780,1537
1263.killer,3,0,9999,15,True,0,34023,492
1263.killer,3,0,9999,82,True,0,154280,2207
1263.killer,3,0,9999,46,True,0,16055,231
1263.killer,3,0,9999,74,True,0,26248,381
1263.killer,3,0,9999,7,True,0,154875,2215
1263.killer,3,0,9999,23,True,0,34359,492
1263.killer,3,0,9999,99,True,0,62394,899
1263.killer,3,0,9999,5,True,0,58879,850
1263.killer,3,0,99995,1,True,0,216429,3091
1263.killer,3,0,99995,42,True,0,33713,485
1263.killer,3,0,99995,15,True,0,302229,4335
1263.killer,3,0,99995,82,True,0,121057,1739
1263.killer,3,0,99995,46,True,0,492808,7056
1263.killer,3,0,99995,74,True,0,26710,385
1263.killer,3,0,99995,7,True,0,211795,3034
1263.killer,3,0,99995,23,True,0,117802,1690
1263.killer,3,0,99995,99,True,0,126358,1806
1263.killer,3,0,99995,5,True,0,29439,423
413.killer,3,0,9999,1,True,0,1076463,15177
413.killer,3,0,9999,42,False,4,1204230,17002
413.killer,3,0,9999,15,True,0,163594,2312
413.killer,3,0,9999,82,True,0,260423,3657
413.killer,3,0,9999,46,True,0,495291,6965
413.killer,3,0,9999,74,True,0,108564,1537
413.killer,3,0,9999,7,True,0,415115,5853
413.killer,3,0,9999,23,False,8,1204230,16968
413.killer,3,0,9999,99,False,4,1204230,16964
413.killer,3,0,9999,5,True,0,408798,5788
413.killer,3,0,99995,1,False,4,2409255,33913
413.killer,3,0,99995,42,True,0,1523063,21404
413.killer,3,0,99995,15,True,0,303795,4300
413.killer,3,0,99995,82,True,0,630400,8901
413.killer,3,0,99995,46,True,0,579558,8168
413.killer,3,0,99995,74,True,0,954431,13466
413.killer,3,0,99995,7,True,0,1135501,16008
413.killer,3,0,99995,23,True,0,954981,13482
413.killer,3,0,99995,99,False,4,2408513,33962
413.killer,3,0,99995,5,True,0,120022,1706
519.killer,3,0,9999,1,True,0,289833,4140
519.killer,3,0,9999,42,True,0,363877,5202
519.killer,3,0,9999,15,True,0,291288,4153
519.killer,3,0,9999,82,True,0,338059,4823
519.killer,3,0,9999,46,True,0,269301,3852
519.killer,3,0,9999,74,True,0,196918,2817
519.killer,3,0,9999,7,True,0,64889,930
519.killer,3,0,9999,23,True,0,104090,1489
519.killer,3,0,9999,99,True,0,336237,4804
519.killer,3,0,9999,5,True,0,707095,10085
519.killer,3,0,99995,1,True,0,593775,8495
519.killer,3,0,99995,42,True,0,221120,3170
519.killer,3,0,99995,15,True,0,1219521,17428
519.killer,3,0,99995,82,True,0,201614,2889
519.killer,3,0,99995,46,True,0,30380,437
519.killer,3,0,99995,74,True,0,491256,7005
519.killer,3,0,99995,7,True,0,392789,5604
519.killer,3,0,99995,23,True,0,671059,9558
519.killer,3,0,99995,99,True,0,394682,5643
519.killer,3,0,99995,5,True,0,119819,1711
1374.killer,4,0,9999,1,False,6,1206332,16374
1374.killer,4,0,9999,42,False,6,1213144,16439
1374.killer,4,0,9999,15,False,8,1218593,16544
1374.killer,4,0,9999,82,False,8,1221963,16561
1374.killer,4,0,9999,46,True,0,1114802,15124
1374.killer,4,0,9999,74,False,4,1204230,16339
1374.killer,4,0,9999,7,False,2,1220022,16540
1374.killer,4,0,9999,23,False,8,1216754,16538
1374.killer,4,0,9999,99,False,6,1204230,16393
1374.killer,4,0,9999,5,False,8,1211256,16441
1374.killer,4,0,99995,1,False,4,2408513,32744
1374.killer,4,0,99995,42,True,0,1702115,23068
1374.killer,4,0,99995,15,False,6,2408513,32668
1374.killer,4,0,99995,82,False,10,2408513,32606
1374.killer,4,0,99995,46,False,8,2408513,32742
1374.killer,4,0,99995,74,False,8,2408513,32720
1374.killer,4,0,99995,7,True,0,2090984,28327
1374.killer,4,0,99995,23,False,8,2408513,32656
1374.killer,4,0,99995,99,True,0,1968439,26712
1374.killer,4,0,99995,5,True,0,406400,5511
1434.killer,4,0,9999,1,True,0,1119128,15287
1434.killer,4,0,9999,42,False,8,1204230,16463
1434.killer,4,0,9999,15,True,0,390036,5328
1434.killer,4,0,9999,82,True,0,982814,13432
1434.killer,4,0,9999,46,True,0,808715,11042
1434.killer,4,0,9999,74,False,2,1204230,16441
1434.killer,4,0,9999,7,True,0,764187,10426
1434.killer,4,0,9999,23,True,0,1121437,15303
1434.killer,4,0,9999,99,True,0,247975,3397
1434.killer,4,0,9999,5,False,4,1215752,16614
1434.killer,4,0,99995,1,False,4,2408513,32870
1434.killer,4,0,99995,42,True,0,1501287,20454
1434.killer,4,0,99995,15,True,0,1329834,18141
1434.killer,4,0,99995,82,False,2,2408513,32888
1434.killer,4,0,99995,46,True,0,1605954,21914
1434.killer,4,0,99995,74,True,0,1622872,22120
1434.killer,4,0,99995,7,True,0,968374,13222
1434.killer,4,0,99995,23,False,2,2408513,32862
1434.killer,4,0,99995,99,True,0,1502598,20647
1434.killer,4,0,99995,5,True,0,122463,1676
350.killer,4,0,9999,1,True,0,939715,13219
350.killer,4,0,9999,42,False,2,1204230,16939
350.killer,4,0,9999,15,False,8,1218008,17062
350.killer,4,0,9999,82,False,6,1204230,16882
350.killer,4,0,9999,46,False,9,1206025,16956
350.killer,4,0,9999,74,False,9,1204230,16882
350.killer,4,0,9999,7,False,10,1204230,16909
350.killer,4,0,9999,23,False,6,1204230,16901
350.killer,4,0,9999,99,False,4,1223349,17154
350.killer,4,0,9999,5,True,0,487862,6847
350.killer,4,0,99995,1,True,0,1990189,27915
350.killer,4,0,99995,42,False,8,2408513,33964
350.killer,4,0,99995,15,True,0,406047,5679
350.killer,4,0,99995,82,False,8,2413054,33861
350.killer,4,0,99995,46,False,5,2408513,33734
350.killer,4,0,99995,74,False,6,2408513,33749
350.killer,4,0,99995,7,True,0,1523454,21322
350.killer,4,0,99995,23,False,8,2408513,33831
350.killer,4,0,99995,99,False,4,2408513,33739
350.killer,4,0,99995,5,False,6,2416417,33958
1118.killer,5,0,9999,1,False,6,1204230,15694
1118.killer,5,0,9999,42,False,8,1213695,15791
1118.killer,5,0,9999,15,False,10,1204230,15775
1118.killer,5,0,9999,82,False,8,1216172,15897
1118.killer,5,0,9999,46,False,10,1211434,15853
1118.killer,5,0,9999,74,False,6,1205084,15720
1118.killer,5,0,9999,7,False,6,1213794,15808
1118.killer,5,0,9999,23,False,8,1238290,16189
1118.killer,5,0,9999,99,False,8,1204230,15720
1118.killer,5,0,9999,5,False,9,1204230,15738
1118.killer,5,0,99995,1,False,2,2408513,31468
1118.killer,5,0,99995,42,True,0,695585,9073
1118.killer,5,0,99995,15,False,8,2408513,31445
1118.killer,5,0,99995,82,False,2,2408513,31400
1118.killer,5,0,99995,46,False,8,2413567,31446
1118.killer,5,0,99995,74,False,2,2408513,31398
1118.killer,5,0,99995,7,False,4,2408513,31469
1118.killer,5,0,99995,23,False,6,2408513,31495
1118.killer,5,0,99995,99,False,4,2408513,31457
1118.killer,5,0,99995,5,False,6,2408513,31473
1439.killer,5,0,9999,1,False,12,1204230,16225
1439.killer,5,0,9999,42,False,8,1204230,16230
1439.killer,5,0,9999,15,False,10,1204906,16247
1439.killer,5,0,9999,82,False,2,1204230,16229
1439.killer,5,0,9999,46,False,4,1215174,16308
1439.killer,5,0,9999,74,True,0,1077288,14445
1439.killer,5,0,9999,7,False,4,1204230,16169
1439.killer,5,0,9999,23,True,0,815201,11076
1439.killer,5,0,9999,99,False,10,1205964,16211
1439.killer,5,0,9999,5,False,7,1216933,16339
1439.killer,5,0,99995,1,False,10,2408513,32359
1439.killer,5,0,99995,42,False,12,2415256,32467
1439.killer,5,0,99995,15,False,13,2408513,32434
1439.killer,5,0,99995,82,False,5,2408513,32361
1439.killer,5,0,99995,46,False,10,2408513,32485
1439.killer,5,0,99995,74,False,2,2408513,32591
1439.killer,5,0,99995,7,False,10,2408513,32633
1439.killer,5,0,99995,23,False,11,2418679,32657
1439.killer,5,0,99995,99,False,8,2408513,32541
1439.killer,5,0,99995,5,False,4,2408513,32523
186.killer,5,0,9999,1,False,2,1217713,16361
186.killer,5,0,9999,42,False,8,1204230,16221
186.killer,5,0,9999,15,False,8,1204230,16218
186.killer,5,0,9999,82,False,6,1204230,16199
186.killer,5,0,9999,46,False,6,1204230,16203
186.killer,5,0,9999,74,True,0,1043200,14047
186.killer,5,0,9999,7,False,6,1211521,16288
186.killer,5,0,9999,23,True,0,166998,2248
186.killer,5,0,9999,99,False,2,1233304,16576
186.killer,5,0,9999,5,False,2,1230938,16591
186.killer,5,0,99995,1,False,8,2408513,32358
186.killer,5,0,99995,42,False,4,2408513,32343
186.killer,5,0,99995,15,True,0,1422566,19124
186.killer,5,0,99995,82,True,0,770017,10329
186.killer,5,0,99995,46,False,6,2408513,32399
186.killer,5,0,99995,74,False,2,2408513,32313
186.killer,5,0,99995,7,False,4,2408513,32341
186.killer,5,0,99995,23,True,0,951238,12827
186.killer,5,0,99995,99,False,2,2408513,32477
186.killer,5,0,99995,5,False,2,2408513,32305
1320.killer,6,0,9999,1,True,0,864498,11237
1320.killer,6,0,9999,42,False,14,1204230,15684
1320.killer,6,0,9999,15,False,12,1204230,15771
1320.killer,6,0,9999,82,False,6,1218948,15868
1320.killer,6,0,9999,46,False,5,1210826,15734
1320.killer,6,0,9999,74,False,6,1204230,15640
1320.killer,6,0,9999,7,False,12,1217716,15867
1320.killer,6,0,9999,23,False,10,1230809,16041
1320.killer,6,0,9999,99,False,10,1204230,15661
1320.killer,6,0,9999,5,False,8,1230841,16018
1320.killer,6,0,99995,1,True,0,872529,11330
1320.killer,6,0,99995,42,False,6,2414451,31468
1320.killer,6,0,99995,15,False,4,2408513,31357
1320.killer,6,0,99995,82,False,6,2408513,31375
1320.killer,6,0,99995,46,False,10,2408513,31403
1320.killer,6,0,99995,74,False,6,2408513,31437
1320.killer,6,0,99995,7,False,6,2408513,31365
1320.killer,6,0,99995,23,False,8,2408513,31436
1320.killer,6,0,99995,99,False,4,2408513,31331
1320.killer,6,0,99995,5,False,8,2411628,31376
146.killer,6,0,9999,1,False,4,1212462,15892
146.killer,6,0,9999,42,True,0,667098,8779
146.killer,6,0,9999,15,False,2,1204230,15803
146.killer,6,0,9999,82,True,0,353023,4628
146.killer,6,0,9999,46,False,2,1209478,15868
146.killer,6,0,9999,74,False,8,1218705,15965
146.killer,6,0,9999,7,False,10,1229942,16147
146.killer,6,0,9999,23,True,0,577126,7538
146.killer,6,0,9999,99,False,2,1216795,15922
146.killer,6,0,9999,5,False,2,1206623,15826
146.killer,6,0,99995,1,False,3,2408513,31456
146.killer,6,0,99995,42,True,0,1537359,20119
146.killer,6,0,99995,15,True,0,1060623,13889
146.killer,6,0,99995,82,True,0,2157048,28234
146.killer,6,0,99995,46,False,4,2408513,31478
146.killer,6,0,99995,74,False,2,2420658,31622
146.killer,6,0,99995,7,True,0,1055679,13827
146.killer,6,0,99995,23,False,8,2408513,31560
146.killer,6,0,99995,99,True,0,1162717,15197
146.killer,6,0,99995,5,False,2,2408513,31451
748.killer,6,0,9999,1,False,2,1215532,15172
748.killer,6,0,9999,42,False,2,1204230,15025
748.killer,6,0,9999,15,False,4,1220717,15235
748.killer,6,0,9999,82,False,4,1212985,15133
748.killer,6,0,9999,46,False,2,1215941,15197
748.killer,6,0,9999,74,False,4,1214185,15135
748.killer,6,0,9999,7,False,2,1204230,15066
748.killer,6,0,9999,23,False,2,1211013,15126
748.killer,6,0,9999,99,True,0,696381,8687
748.killer,6,0,9999,5,False,2,1204230,15013
748.killer,6,0,99995,1,False,2,2408513,30032
748.killer,6,0,99995,42,False,2,2408513,30009
748.killer,6,0,99995,15,False,2,2408513,29991
748.killer,6,0,99995,82,False,2,2408513,30008
748.killer,6,0,99995,46,False,2,2408513,30030
748.killer,6,0,99995,74,False,6,2408513,30172
748.killer,6,0,99995,7,False,2,2408513,29997
748.killer,6,0,99995,23,False,4,2408513,30056
748.killer,6,0,99995,99,False,4,2408513,30042
748.killer,6,0,99995,5,False,2,2408513,30013
461.killer,7,0,9999,1,False,6,1219233,15115
461.killer,7,0,9999,42,False,8,1205768,14979
461.killer,7,0,9999,15,False,2,1211211,15011
461.killer,7,0,9999,82,False,10,1204230,14927
461.killer,7,0,9999,46,False,6,1213018,15037
461.killer,7,0,9999,74,False,6,1212653,15006
461.killer,7,0,9999,7,True,0,638331,7929
461.killer,7,0,9999,23,False,6,1219234,15127
461.killer,7,0,9999,99,False,6,1204230,14895
461.killer,7,0,9999,5,False,8,1221353,15139
461.killer,7,0,99995,1,False,4,2426808,30076
461.killer,7,0,99995,42,False,2,2408513,29849
461.killer,7,0,99995,15,False,2,2408513,29779
461.killer,7,0,99995,82,False,6,2408513,29863
461.killer,7,0,99995,46,False,6,2420789,29946
461.killer,7,0,99995,74,True,0,1422139,17633
461.killer,7,0,99995,7,False,6,2408513,29844
461.killer,7,0,99995,23,False,6,2408513,29843
461.killer,7,0,99995,99,True,0,1635101,20265
461.killer,7,0,99995,5,False,6,2408513,29781
654.killer,7,0,9999,1,False,6,1204230,14747
654.killer,7,0,9999,42,False,2,1204230,14792
654.killer,7,0,9999,15,False,10,1217309,14941
654.killer,7,0,9999,82,True,0,1123487,13773
654.killer,7,0,9999,46,False,4,1220280,14965
654.killer,7,0,9999,74,False,12,1204230,14794
654.killer,7,0,9999,7,False,4,1204230,14761
654.killer,7,0,9999,23,False,6,1207196,14801
654.killer,7,0,9999,99,False,8,1204230,14766
654.killer,7,0,9999,5,False,4,1216631,14915
654.killer,7,0,99995,1,False,4,2408513,29550
654.killer,7,0,99995,42,False,2,2408513,29517
654.killer,7,0,99995,15,False,10,2408513,29537
654.killer,7,0,99995,82,False,8,2408513,29533
654.killer,7,0,99995,46,False,11,2408513,29582
654.killer,7,0,99995,74,False,4,2408513,29539
654.killer,7,0,99995,7,False,2,2408513,30343
654.killer,7,0,99995,23,False,11,2408513,29351
654.killer,7,0,99995,99,False,3,2408513,26661
654.killer,7,0,99995,5,False,10,2408513,29501
965.killer,7,0,9999,1,False,6,1221921,15746
965.killer,7,0,9999,42,True,0,401348,5166
965.killer,7,0,9999,15,False,10,1214872,15652
965.killer,7,0,9999,82,False,6,1205416,15491
965.killer,7,0,9999,46,False,4,1204230,15518
965.killer,7,0,9999,74,False,8,1240122,15974
965.killer,7,0,9999,7,False,8,1208640,15644
965.killer,7,0,9999,23,False,6,1204230,15552
965.killer,7,0,9999,99,False,6,1204230,15555
965.killer,7,0,9999,5,False,8,1205722,15612
965.killer,7,0,99995,1,False,2,2408513,31032
965.killer,7,0,99995,42,False,2,2408513,31076
965.killer,7,0,99995,15,False,6,2408513,30989
965.killer,7,0,99995,82,False,2,2408513,31015
965.killer,7,0,99995,46,True,0,1247475,16048
965.killer,7,0,99995,74,False,2,2408513,31037
965.killer,7,0,99995,7,False,6,2408513,31007
965.killer,7,0,99995,23,False,6,2408513,30973
965.killer,7,0,99995,99,True,0,128216,1655
965.killer,7,0,99995,5,False,8,2408513,30961
1084.killer,8,0,9999,1,False,8,1204230,14931
1084.killer,8,0,9999,42,False,10,1204230,14906
1084.killer,8,0,9999,15,False,9,1204230,14947
1084.killer,8,0,9999,82,False,8,1204230,14949
1084.killer,8,0,9999,46,False,11,1204230,14909
1084.killer,8,0,9999,74,False,10,1204230,14913
1084.killer,8,0,9999,7,False,12,1216597,15077
1084.killer,8,0,9999,23,False,10,1211304,14986
1084.killer,8,0,9999,99,False,6,1206356,14956
1084.killer,8,0,9999,5,False,10,1204230,14946
1084.killer,8,0,99995,1,False,8,2408513,29815
1084.killer,8,0,99995,42,False,8,2408513,29823
1084.killer,8,0,99995,15,False,9,2408513,29836
1084.killer,8,0,99995,82,False,10,2408513,29859
1084.killer,8,0,99995,46,False,10,2408513,29811
1084.killer,8,0,99995,74,False,8,2408513,29810
1084.killer,8,0,99995,7,False,8,2408513,29833
1084.killer,8,0,99995,23,False,6,2408513,29825
1084.killer,8,0,99995,99,False,9,2408513,29852
1084.killer,8,0,99995,5,False,6,2408513,30449
194.killer,8,0,9999,1,True,0,903429,11568
194.killer,8,0,9999,42,False,12,1204230,15389
194.killer,8,0,9999,15,False,8,1232548,15902
194.killer,8,0,9999,82,False,10,1205902,15493
194.killer,8,0,9999,46,False,2,1204230,15562
194.killer,8,0,9999,74,False,12,1204230,15444
194.killer,8,0,9999,7,False,12,1204230,15475
194.killer,8,0,9999,23,False,6,1204230,15534
194.killer,8,0,9999,99,False,4,1204230,15450
194.killer,8,0,9999,5,False,4,1220311,15656
194.killer,8,0,99995,1,False,8,2408513,31063
194.killer,8,0,99995,42,False,6,2408513,31142
194.killer,8,0,99995,15,False,10,2415662,31062
194.killer,8,0,99995,82,False,6,2408513,31313
194.killer,8,0,99995,46,False,2,2408513,31039
194.killer,8,0,99995,74,False,6,2408513,30886
194.killer,8,0,99995,7,True,0,875019,11257
194.killer,8,0,99995,23,False,2,2408513,30866
194.killer,8,0,99995,99,False,6,2408513,30903
194.killer,8,0,99995,5,False,2,2408513,31017
348.killer,8,0,9999,1,False,12,1204230,17675
348.killer,8,0,9999,42,False,12,1204230,15563
348.killer,8,0,9999,15,False,14,1204230,15654
348.killer,8,0,9999,82,False,12,1221615,15835
348.killer,8,0,9999,46,False,12,1207663,15628
348.killer,8,0,9999,74,False,10,1208034,16149
348.killer,8,0,9999,7,True,0,335563,4393
348.killer,8,0,9999,23,False,4,1225095,15647
348.killer,8,0,9999,99,False,6,1204614,15306
348.killer,8,0,9999,5,False,4,1204230,15417
348.killer,8,0,99995,1,True,0,2150844,27936
348.killer,8,0,99995,42,False,6,2408513,30729
348.killer,8,0,99995,15,False,4,2408513,30721
348.killer,8,0,99995,82,False,6,2408513,30611
348.killer,8,0,99995,46,False,6,2408513,30734
348.killer,8,0,99995,74,False,8,2408513,30712
348.killer,8,0,99995,7,True,0,1414973,18170
348.killer,8,0,99995,23,False,10,2408513,30814
348.killer,8,0,99995,99,True,0,2333835,29879
348.killer,8,0,99995,5,False,8,2408513,30686
13.killer,9,0,9999,1,False,8,1218386,15407
13.killer,9,0,9999,42,False,6,1204230,15055
13.killer,9,0,9999,15,True,0,428536,5337
13.killer,9,0,9999,82,True,0,1094210,13637
13.killer,9,0,9999,46,False,4,1204230,14950
13.killer,9,0,9999,74,True,0,1179017,14701
13.killer,9,0,9999,7,False,2,1204230,15039
13.killer,9,0,9999,23,False,4,1212549,15084
13.killer,9,0,9999,99,False,6,1204230,14930
13.killer,9,0,9999,5,False,6,1225289,15294
13.killer,9,0,99995,1,True,0,1088196,13646
13.killer,9,0,99995,42,False,2,2408513,30007
13.killer,9,0,99995,15,False,8,2408513,30043
13.killer,9,0,99995,82,True,0,1328516,16468
13.killer,9,0,99995,46,True,0,766869,9539
13.killer,9,0,99995,74,False,6,2408513,30114
13.killer,9,0,99995,7,True,0,2342066,29103
13.killer,9,0,99995,23,True,0,892430,11094
13.killer,9,0,99995,99,False,2,2408513,30025
13.killer,9,0,99995,5,False,2,2408513,29916
602.killer,9,0,9999,1,False,4,1204230,14506
602.killer,9,0,9999,42,False,2,1205182,14511
602.killer,9,0,9999,15,True,0,861050,10438
602.killer,9,0,9999,82,True,0,130907,1593
602.killer,9,0,9999,46,False,2,1215187,14655
602.killer,9,0,9999,74,True,0,212480,2598
602.killer,9,0,9999,7,True,0,274187,3300
602.killer,9,0,9999,23,True,0,418296,5053
602.killer,9,0,9999,99,True,0,1049277,12594
602.killer,9,0,9999,5,True,0,15817,201
602.killer,9,0,99995,1,True,0,1687942,20461
602.killer,9,0,99995,42,False,2,2419315,29093
602.killer,9,0,99995,15,True,0,409857,4969
602.killer,9,0,99995,82,True,0,31498,383
602.killer,9,0,99995,46,True,0,218907,2664
602.killer,9,0,99995,74,False,2,2408513,29006
602.killer,9,0,99995,7,True,0,592496,7167
602.killer,9,0,99995,23,True,0,1607968,19489
602.killer,9,0,99995,99,True,0,1889043,22741
602.killer,9,0,99995,5,False,4,2408513,28921
996.killer,9,0,9999,1,False,6,1204230,15311
996.killer,9,0,9999,42,False,8,1206142,15054
996.killer,9,0,9999,15,False,8,1204230,15039
996.killer,9,0,9999,82,False,6,1214545,15130
996.killer,9,0,9999,46,False,9,1204230,15062
996.killer,9,0,9999,74,False,9,1204230,14992
996.killer,9,0,9999,7,False,8,1218398,15196
996.killer,9,0,9999,23,False,10,1213439,15112
996.killer,9,0,9999,99,False,8,1235417,15518
996.killer,9,0,9999,5,False,6,1204230,15026
996.killer,9,0,99995,1,False,9,2408513,30090
996.killer,9,0,99995,42,False,2,2408513,30043
996.killer,9,0,99995,15,False,6,2408513,30012
996.killer,9,0,99995,82,False,9,2408513,30294
996.killer,9,0,99995,46,False,4,2408513,30126
996.killer,9,0,99995,74,False,6,2408513,30213
996.killer,9,0,99995,7,False,4,2408513,30044
996.killer,9,0,99995,23,False,8,2408513,30189
996.killer,9,0,99995,99,False,9,2408513,30001
996.killer,9,0,99995,5,False,2,2408513,30158
